,accuracy,log_loss,negative.precision,negative.recall,negative.f1-score,negative.support,neutral.precision,neutral.recall,neutral.f1-score,neutral.support,positive.precision,positive.recall,positive.f1-score,positive.support,macro avg.precision,macro avg.recall,macro avg.f1-score,macro avg.support,weighted avg.precision,weighted avg.recall,weighted avg.f1-score,weighted avg.support
MultinomialNB,0.920777279521674,0.592695460462422,0.8621700879765396,0.98989898989899,0.9216300940438872,297,0.0,0.0,0.0,10,0.9817073170731708,0.8895027624309392,0.9333333333333332,362,0.6146258016832368,0.626467250776643,0.6183211424590734,669,0.9139649699693874,0.920777279521674,0.9141865539576997,669
MultinomialNB-TfIdf,0.9282511210762332,0.2762423747733559,0.8848484848484849,0.9831649831649831,0.9314194577352473,297,0.0,0.0,0.0,10,0.9705014749262537,0.9088397790055248,0.9386590584878745,362,0.6184499865915796,0.630668254056836,0.6233595054077072,669,0.9179694079571058,0.9282511210762332,0.9214142871748564,669
