,accuracy,log_loss,negative.precision,negative.recall,negative.f1-score,negative.support,neutral.precision,neutral.recall,neutral.f1-score,neutral.support,positive.precision,positive.recall,positive.f1-score,positive.support,macro avg.precision,macro avg.recall,macro avg.f1-score,macro avg.support,weighted avg.precision,weighted avg.recall,weighted avg.f1-score,weighted avg.support
LogisticRegression,0.9416666666666667,0.17409823830798288,1.0,0.8809523809523809,0.9367088607594937,42,0.0,0.0,0.0,1,0.926829268292683,0.987012987012987,0.9559748427672956,77,0.6422764227642276,0.6226551226551226,0.630894567842263,120,0.9447154471544716,0.9416666666666667,0.9412652920415041,120
MultinomialNB,0.920777279521674,0.592695460462422,0.8621700879765396,0.98989898989899,0.9216300940438872,297,0.0,0.0,0.0,10,0.9817073170731708,0.8895027624309392,0.9333333333333332,362,0.6146258016832368,0.626467250776643,0.6183211424590734,669,0.9139649699693874,0.920777279521674,0.9141865539576997,669
MultinomialNB-TfIdf,0.9282511210762332,0.2762423747733559,0.8848484848484849,0.9831649831649832,0.9314194577352471,297,0.0,0.0,0.0,10,0.9705014749262536,0.9088397790055248,0.9386590584878745,362,0.6184499865915796,0.630668254056836,0.6233595054077072,669,0.9179694079571058,0.9282511210762332,0.9214142871748564,669
